company_name,year,report_summary,esg_goals,achievements,report_url
Simmons PLC,2023,Chance eat girl offer thing life argue name none population.,"['Water Neutral by 2026', 'Net Zero by 2030', 'Biodiversity restoration']","['Launched ethical supplier audit', 'Zero-waste system trial successful', 'Installed 150MW solar capacity']",https://example.com/simmons_plc_2023_report.pdf
Davis-Carter,2023,Charge they air cut into decision night wind represent sing shake lot beyond pay where thus probably national.,"['Net Zero by 2030', 'Zero landfill waste', 'Develop carbon capture systems']","['Built 12 vertical farms', 'Launched ethical supplier audit', 'Introduced employee ESG training']",https://example.com/davis-carter_2023_report.pdf
Dawson-Jones,2022,Nature center this soon money investment car whole truth attention.,"['Biodiversity restoration', 'Zero plastic by 2030', 'Develop carbon capture systems']","['Introduced AI-powered energy management', 'Treated 2.5B liters of water', 'Built 2 pilot carbon capture sites']",https://example.com/dawson-jones_2022_report.pdf
"Clark, Mata and Hurley",2023,Fear quite management smile add dark cost simply town those consumer human the end bed.,"['Greenhouse-free logistics', 'Zero food waste', 'Develop carbon capture systems']","['Reduced carbon emissions by 28%', 'Built 2 pilot carbon capture sites', 'Plastic usage cut by 60%']","https://example.com/clark,_mata_and_hurley_2023_report.pdf"
Clark Ltd,2024,From all power marriage could investment few role why away situation conference provide.,"['Ethical sourcing only', 'Climate-resilient operations', 'Net Zero by 2030']","['Launched recycled product line', 'Introduced AI-powered energy management', 'Introduced employee ESG training']",https://example.com/clark_ltd_2024_report.pdf
Suarez Ltd,2024,Effort task somebody anything partner partner born air close might down develop.,"['100% recyclable packaging', 'Zero food waste', 'Electric fleet by 2028']","['Installed 150MW solar capacity', 'Plastic usage cut by 60%', 'Introduced AI-powered energy management']",https://example.com/suarez_ltd_2024_report.pdf
Mitchell-Poole,2024,Process television nearly word in various middle art television hour behavior Republican indeed finally someone sea response.,"['Zero plastic by 2030', 'Electric fleet by 2028', 'Local supply chains']","['Reduced carbon emissions by 28%', 'Introduced employee ESG training', 'Planted 1M trees']",https://example.com/mitchell-poole_2024_report.pdf
Mueller-Garcia,2024,Fine wonder teach college next color scene identify blue focus.,"['Develop carbon capture systems', 'Biodiversity restoration', 'Net Zero by 2030']","['Built 2 pilot carbon capture sites', 'Built 12 vertical farms', 'Reduced carbon emissions by 28%']",https://example.com/mueller-garcia_2024_report.pdf
Davis Group,2023,Factor attorney wish Congress business voice pattern thought down six include prepare.,"['Ethical sourcing only', 'Climate-resilient operations', 'Water Neutral by 2026']","['Launched recycled product line', 'Treated 2.5B liters of water', '85% operations on renewables']",https://example.com/davis_group_2023_report.pdf
Garcia Ltd,2023,Easy including source improve scene more against billion before seat article deep close technology fall share pick past growth pattern.,"['Net Zero by 2030', 'Ethical sourcing only', 'Zero plastic by 2030']","['Reduced carbon emissions by 28%', 'Decreased deforestation by 40%', 'Zero-waste system trial successful']",https://example.com/garcia_ltd_2023_report.pdf
Young-Brady,2023,Standard civil above build several foreign week choose mother develop performance young away myself customer sing soon hold song second.,"['Zero plastic by 2030', 'Ethical sourcing only', 'Develop carbon capture systems']","['Launched recycled product line', 'Plastic usage cut by 60%', 'Decreased deforestation by 40%']",https://example.com/young-brady_2023_report.pdf
"Garza, Thompson and Turner",2022,Style case you no name impact play different perhaps maintain easy seat side two.,"['Zero food waste', 'Net Zero by 2030', 'Full wastewater reuse']","['Installed 150MW solar capacity', '85% operations on renewables', 'Zero-waste system trial successful']","https://example.com/garza,_thompson_and_turner_2022_report.pdf"
"Acevedo, Moreno and Mccormick",2023,Marriage over ahead about candidate organization rate allow sound little summer value condition could someone wish several treatment.,"['Water Neutral by 2026', '100% recyclable packaging', 'Local supply chains']","['Launched recycled product line', 'Introduced employee ESG training', 'Built 12 vertical farms']","https://example.com/acevedo,_moreno_and_mccormick_2023_report.pdf"
Clarke Inc,2023,Can lay data three indeed moment peace tend exist computer reveal close office whom single physical various save section.,"['Fully renewable operations by 2025', 'Develop carbon capture systems', 'Electric fleet by 2028']","['Reduced carbon emissions by 28%', 'Energy efficiency improved by 15%', 'Launched recycled product line']",https://example.com/clarke_inc_2023_report.pdf
Duncan-Ortega,2022,Record personal about beat ten food provide step successful try visit fire response work send where clear team.,"['Develop carbon capture systems', 'Water Neutral by 2026', 'Zero landfill waste']","['Zero-waste system trial successful', 'Planted 1M trees', 'Plastic usage cut by 60%']",https://example.com/duncan-ortega_2022_report.pdf
"Sanchez, Wright and Mathews",2023,Money customer truth pattern operation sing whatever since development nor others lay treatment until anyone huge begin water especially.,"['Develop carbon capture systems', 'Zero landfill waste', 'Local supply chains']","['Launched recycled product line', 'Built 12 vertical farms', 'Introduced AI-powered energy management']","https://example.com/sanchez,_wright_and_mathews_2023_report.pdf"
Garcia and Sons,2024,Example require owner as yes yet magazine fill indeed material just visit economic exist popular.,"['Local supply chains', 'Water Neutral by 2026', 'Develop carbon capture systems']","['Introduced AI-powered energy management', 'Plastic usage cut by 60%', 'Energy efficiency improved by 15%']",https://example.com/garcia_and_sons_2024_report.pdf
Mclaughlin-Grant,2024,Now part while still single Congress machine too thank magazine own day up role six short account seat.,"['Climate-resilient operations', 'Zero landfill waste', 'Zero plastic by 2030']","['Built 2 pilot carbon capture sites', 'Planted 1M trees', 'Decreased deforestation by 40%']",https://example.com/mclaughlin-grant_2024_report.pdf
Pope-Yu,2024,Task like answer believe woman important picture book approach statement teach movie explain.,"['Greenhouse-free logistics', 'Zero landfill waste', 'Electric fleet by 2028']","['Energy efficiency improved by 15%', 'Decreased deforestation by 40%', '85% operations on renewables']",https://example.com/pope-yu_2024_report.pdf
"Smith, Dean and Crosby",2024,Bar during either vote political person reflect age if tell.,"['Develop carbon capture systems', 'Zero plastic by 2030', 'Zero food waste']","['Built 12 vertical farms', 'Launched recycled product line', 'Introduced employee ESG training']","https://example.com/smith,_dean_and_crosby_2024_report.pdf"
Landry-Franklin,2023,Although though of world national then particularly simply stock civil according for method include since film matter price leader hold.,"['Local supply chains', 'Electric fleet by 2028', 'Ethical sourcing only']","['Introduced employee ESG training', 'Reduced carbon emissions by 28%', 'Built 12 vertical farms']",https://example.com/landry-franklin_2023_report.pdf
"Wells, Ferguson and Smith",2022,Two southern test number exactly list how dinner may center ago thought official.,"['Zero landfill waste', 'Local supply chains', 'Water Neutral by 2026']","['Reduced carbon emissions by 28%', 'Introduced employee ESG training', 'Zero-waste system trial successful']","https://example.com/wells,_ferguson_and_smith_2022_report.pdf"
Williams-Foster,2024,Read how cold somebody message network manager tax fine value Mr account worker.,"['Zero landfill waste', 'Fully renewable operations by 2025', 'Develop carbon capture systems']","['Reduced carbon emissions by 28%', '85% operations on renewables', 'Launched recycled product line']",https://example.com/williams-foster_2024_report.pdf
Reed LLC,2022,Tv without number reality it road television safe end service along thing court away read word return president meeting.,"['Develop carbon capture systems', 'Zero plastic by 2030', 'Net Zero by 2030']","['Introduced employee ESG training', 'Reduced carbon emissions by 28%', 'Treated 2.5B liters of water']",https://example.com/reed_llc_2022_report.pdf
Montgomery-Leonard,2023,Blood worry make mean pressure understand administration ok team.,"['Full wastewater reuse', 'Greenhouse-free logistics', 'Zero food waste']","['Built 12 vertical farms', 'Reduced carbon emissions by 28%', 'Launched recycled product line']",https://example.com/montgomery-leonard_2023_report.pdf
"Farrell, Preston and Pierce",2023,His ready want part find before environment source can song.,"['Climate-resilient operations', '100% recyclable packaging', 'Local supply chains']","['Planted 1M trees', 'Launched ethical supplier audit', 'Decreased deforestation by 40%']","https://example.com/farrell,_preston_and_pierce_2023_report.pdf"
Clark-Pitts,2024,Machine put small dream short us mean interesting everyone.,"['Full wastewater reuse', 'Develop carbon capture systems', 'Water Neutral by 2026']","['Installed 150MW solar capacity', 'Launched recycled product line', 'Zero-waste system trial successful']",https://example.com/clark-pitts_2024_report.pdf
Reed-Estrada,2023,Report why night herself end decision left much piece small study fill show account administration notice necessary remember.,"['Zero food waste', 'Net Zero by 2030', 'Local supply chains']","['Introduced employee ESG training', 'Energy efficiency improved by 15%', 'Plastic usage cut by 60%']",https://example.com/reed-estrada_2023_report.pdf
Simpson and Sons,2023,Threat market pass term door toward heart cup especially often why energy per meeting want town community agreement necessary.,"['Net Zero by 2030', 'Electric fleet by 2028', 'Local supply chains']","['Introduced employee ESG training', 'Planted 1M trees', 'Installed 150MW solar capacity']",https://example.com/simpson_and_sons_2023_report.pdf
"Owens, Gonzalez and Smith",2024,Its experience relate people defense so politics fire personal or trip out own share sing central tonight hospital trouble experience.,"['Climate-resilient operations', 'Zero plastic by 2030', 'Zero landfill waste']","['Introduced AI-powered energy management', '85% operations on renewables', 'Reduced carbon emissions by 28%']","https://example.com/owens,_gonzalez_and_smith_2024_report.pdf"
